epoch,loss_cls_epoch,loss_cls_step,lr_epoch,lr_step,step,test_acc_epoch,test_acc_step,test_loss0,test_loss1,test_loss2,test_loss3,test_loss_epoch,test_loss_step,train_acc0_epoch,train_acc0_step,train_acc1_epoch,train_acc1_step,train_acc2_epoch,train_acc2_step,train_acc3_epoch,train_acc3_step,train_acc_epoch,train_acc_step,train_loss0_epoch,train_loss0_step,train_loss1_epoch,train_loss1_step,train_loss2_epoch,train_loss2_step,train_loss3_epoch,train_loss3_step,train_loss_epoch,train_loss_step,val_acc,val_acc0,val_acc1,val_acc2,val_acc3,val_loss,val_loss0,val_loss1,val_loss2,val_loss3
0,,9.532380104064941,,0.00019999999494757503,49,,,,,,,,,,0.46666666865348816,,0.3333333432674408,,0.4000000059604645,,0.30000001192092896,,0.375,,2.607959032058716,,2.244063377380371,,2.284019947052002,,2.3963379859924316,,9.532380104064941,,,,,,,,,,
0,,6.036888122558594,,0.00019999999494757503,99,,,,,,,,,,0.46666666865348816,,0.5166666507720947,,0.44999998807907104,,0.4000000059604645,,0.4583333432674408,,1.677108883857727,,1.4025014638900757,,1.3665715456008911,,1.5907061100006104,,6.036888122558594,,,,,,,,,,
0,,5.388561248779297,,0.00019999999494757503,149,,,,,,,,,,0.4166666567325592,,0.3166666626930237,,0.46666666865348816,,0.38333332538604736,,0.3958333432674408,,1.3680694103240967,,1.4570220708847046,,1.1213582754135132,,1.4421112537384033,,5.388561248779297,,,,,,,,,,
0,,4.517447471618652,,0.00019999999494757503,199,,,,,,,,,,0.30000001192092896,,0.4166666567325592,,0.5333333611488342,,0.550000011920929,,0.44999998807907104,,1.2905679941177368,,1.1542764902114868,,1.0534504652023315,,1.0191528797149658,,4.517447471618652,,,,,,,,,,
0,,4.262343406677246,,0.00019999999494757503,249,,,,,,,,,,0.5333333611488342,,0.5166666507720947,,0.550000011920929,,0.5333333611488342,,0.5333333611488342,,1.1070963144302368,,1.0640238523483276,,1.011962890625,,1.079260230064392,,4.262343406677246,,,,,,,,,,
0,,4.215987205505371,,0.00019999999494757503,299,,,,,,,,,,0.4166666567325592,,0.5666666626930237,,0.5666666626930237,,0.44999998807907104,,0.5,,1.0456461906433105,,1.0134602785110474,,0.9999755620956421,,1.1569050550460815,,4.215987205505371,,,,,,,,,,
0,,,,,322,,,,,,,,,,,,,,,,,,,,,,,,,,,,,0.4937138259410858,0.4705137610435486,0.4723227322101593,0.5302098393440247,0.5018090009689331,4.114023208618164,1.0444992780685425,1.0401602983474731,1.0161229372024536,1.013241171836853
0,5.97293758392334,,0.00020000057702418417,,322,,,,,,,,,0.41151541471481323,,0.4583936333656311,,0.48082488775253296,,0.45255324244499207,,0.45082178711891174,,1.594664216041565,,1.4240983724594116,,1.406442642211914,,1.547734022140503,,5.97293758392334,,,,,,,,,,,
1,,4.405066013336182,,0.00019999999494757503,349,,,,,,,,,,0.4000000059604645,,0.4166666567325592,,0.4333333373069763,,0.4000000059604645,,0.4124999940395355,,1.1090413331985474,,1.1086914539337158,,1.087622046470642,,1.0997110605239868,,4.405066013336182,,,,,,,,,,
1,,3.979724168777466,,0.00019999999494757503,399,,,,,,,,,,0.4833333194255829,,0.4833333194255829,,0.6000000238418579,,0.5666666626930237,,0.5333333611488342,,1.0535237789154053,,0.982800304889679,,0.9757975339889526,,0.967602550983429,,3.979724168777466,,,,,,,,,,
1,,4.1386189460754395,,0.00019999999494757503,449,,,,,,,,,,0.4833333194255829,,0.4000000059604645,,0.6166666746139526,,0.5,,0.5,,1.0387532711029053,,1.0937459468841553,,0.9389730095863342,,1.0671467781066895,,4.1386189460754395,,,,,,,,,,
1,,3.906221628189087,,0.00019999999494757503,499,,,,,,,,,,0.46666666865348816,,0.7166666388511658,,0.4833333194255829,,0.5166666507720947,,0.5458333492279053,,1.0495198965072632,,0.8735554814338684,,1.0476765632629395,,0.9354695677757263,,3.906221628189087,,,,,,,,,,
1,,4.0456461906433105,,0.00019999999494757503,549,,,,,,,,,,0.4166666567325592,,0.5333333611488342,,0.550000011920929,,0.5833333134651184,,0.5208333134651184,,1.1006591320037842,,1.0024617910385132,,0.9997029900550842,,0.942822277545929,,4.0456461906433105,,,,,,,,,,
1,,4.230012893676758,,0.00019999999494757503,599,,,,,,,,,,0.46666666865348816,,0.4000000059604645,,0.4166666567325592,,0.5666666626930237,,0.4625000059604645,,1.0442016124725342,,1.0742268562316895,,1.171057105064392,,0.9405273199081421,,4.230012893676758,,,,,,,,,,
1,,,,,645,,,,,,,,,,,,,,,,,,,,,,,,,,,,,0.5134768486022949,0.4844428300857544,0.5065122842788696,0.5325614809989929,0.530390739440918,4.039053916931152,1.0306950807571411,1.0129821300506592,1.0123956203460693,0.9829813838005066
1,4.066481113433838,,0.00020000057702418417,,645,,,,,,,,,0.4718833863735199,,0.49245399236679077,,0.5422782897949219,,0.5130763053894043,,0.5049229860305786,,1.0475729703903198,,1.0213407278060913,,1.0035083293914795,,0.994056761264801,,4.066481113433838,,,,,,,,,,,
2,,4.107275485992432,,0.00019999999494757503,649,,,,,,,,,,0.3499999940395355,,0.5166666507720947,,0.6166666746139526,,0.5,,0.4958333373069763,,1.1254761219024658,,1.0367227792739868,,0.9286702275276184,,1.0164062976837158,,4.107275485992432,,,,,,,,,,
2,,4.155663967132568,,0.00019999999494757503,699,,,,,,,,,,0.38333332538604736,,0.5333333611488342,,0.550000011920929,,0.36666667461395264,,0.4583333432674408,,1.1036865711212158,,0.988232433795929,,0.9983927607536316,,1.0653523206710815,,4.155663967132568,,,,,,,,,,
2,,3.8612143993377686,,0.00019999999494757503,749,,,,,,,,,,0.5666666626930237,,0.5333333611488342,,0.5666666626930237,,0.5666666626930237,,0.5583333373069763,,0.9611368775367737,,1.0171672105789185,,0.9383178949356079,,0.944592297077179,,3.8612143993377686,,,,,,,,,,
2,,3.950943946838379,,0.00019999999494757503,799,,,,,,,,,,0.4000000059604645,,0.4166666567325592,,0.6666666865348816,,0.4833333194255829,,0.49166667461395264,,1.0855876207351685,,0.979626476764679,,0.8950439691543579,,0.9906860589981079,,3.950943946838379,,,,,,,,,,
2,,3.9801840782165527,,0.00019999999494757503,849,,,,,,,,,,0.6166666746139526,,0.44999998807907104,,0.6333333253860474,,0.5,,0.550000011920929,,0.9575358033180237,,1.0758341550827026,,0.965624988079071,,0.981188952922821,,3.9801840782165527,,,,,,,,,,
2,,4.032991886138916,,0.00019999999494757503,899,,,,,,,,,,0.5166666507720947,,0.4333333373069763,,0.5833333134651184,,0.5333333611488342,,0.5166666507720947,,1.0112874507904053,,1.047509789466858,,0.985766589641571,,0.9884277582168579,,4.032991886138916,,,,,,,,,,
2,,3.848587989807129,,0.00019999999494757503,949,,,,,,,,,,0.4333333373069763,,0.6000000238418579,,0.6000000238418579,,0.5666666626930237,,0.550000011920929,,1.0584797859191895,,0.8863077759742737,,0.9673014283180237,,0.9364989995956421,,3.848587989807129,,,,,,,,,,
2,,,,,968,,,,,,,,,,,,,,,,,,,,,,,,,,,,,0.5164616703987122,0.49583935737609863,0.5113965272903442,0.5309334397315979,0.5276772975921631,4.016331672668457,1.025418996810913,1.0002070665359497,1.0163226127624512,0.9743833541870117
2,4.0317511558532715,,0.00020000057702418417,,968,,,,,,,,,0.4799979329109192,,0.5081145167350769,,0.5429501533508301,,0.519795298576355,,0.5127145051956177,,1.0391836166381836,,1.0092275142669678,,1.0001728534698486,,0.9831686615943909,,4.0317511558532715,,,,,,,,,,,
3,,3.994050979614258,,0.00019999999494757503,999,,,,,,,,,,0.44999998807907104,,0.5666666626930237,,0.5,,0.5333333611488342,,0.512499988079071,,1.0498087406158447,,0.9659993648529053,,1.0040283203125,,0.9742146730422974,,3.994050979614258,,,,,,,,,,
3,,4.0465617179870605,,0.00019999999494757503,1049,,,,,,,,,,0.5666666626930237,,0.44999998807907104,,0.5,,0.4833333194255829,,0.5,,0.9584432244300842,,1.077478051185608,,1.0284383296966553,,0.9822021722793579,,4.0465617179870605,,,,,,,,,,
3,,4.098087310791016,,0.00019999999494757503,1099,,,,,,,,,,0.5333333611488342,,0.4833333194255829,,0.550000011920929,,0.4333333373069763,,0.5,,0.9909423589706421,,1.0397785902023315,,1.0410034656524658,,1.0263631343841553,,4.098087310791016,,,,,,,,,,
3,,4.001013278961182,,0.00019999999494757503,1149,,,,,,,,,,0.4166666567325592,,0.5,,0.4833333194255829,,0.550000011920929,,0.48750001192092896,,1.0442057847976685,,0.9481404423713684,,1.0405354499816895,,0.9681314826011658,,4.001013278961182,,,,,,,,,,
3,,4.010603904724121,,0.00019999999494757503,1199,,,,,,,,,,0.4333333373069763,,0.5166666507720947,,0.5833333134651184,,0.5833333134651184,,0.5291666388511658,,1.05731201171875,,1.02618408203125,,1.0016316175460815,,0.92547607421875,,4.010603904724121,,,,,,,,,,
3,,3.9149537086486816,,0.00019999999494757503,1249,,,,,,,,,,0.5666666626930237,,0.4166666567325592,,0.5833333134651184,,0.6333333253860474,,0.550000011920929,,1.0148762464523315,,1.0427775382995605,,0.9515055418014526,,0.9057942628860474,,3.9149537086486816,,,,,,,,,,
3,,,,,1291,,,,,,,,,,,,,,,,,,,,,,,,,,,,,0.5185871720314026,0.5014472007751465,0.5173661112785339,0.5302098393440247,0.52532559633255,3.997584581375122,1.0234761238098145,0.9936809539794922,1.0076810121536255,0.972747266292572
3,4.0054826736450195,,0.00020000057702418417,,1291,,,,,,,,,0.488215833902359,,0.513644814491272,,0.5419681668281555,,0.5282716751098633,,0.5180251002311707,,1.0309340953826904,,1.0020251274108887,,0.9974013566970825,,0.9751215577125549,,4.0054826736450195,,,,,,,,,,,
4,,3.9472737312316895,,0.00019999999494757503,1299,,,,,,,,,,0.4833333194255829,,0.46666666865348816,,0.5666666626930237,,0.6000000238418579,,0.5291666388511658,,1.043066382408142,,1.0272501707077026,,0.9657877683639526,,0.9111694097518921,,3.9472737312316895,,,,,,,,,,
4,,3.913175582885742,,0.00019999999494757503,1349,,,,,,,,,,0.5666666626930237,,0.46666666865348816,,0.550000011920929,,0.5,,0.5208333134651184,,0.974475085735321,,1.0034505128860474,,0.9853841066360474,,0.9498656988143921,,3.913175582885742,,,,,,,,,,
4,,4.135542392730713,,0.00019999999494757503,1399,,,,,,,,,,0.5666666626930237,,0.44999998807907104,,0.5333333611488342,,0.5666666626930237,,0.5291666388511658,,1.0096760988235474,,1.0570068359375,,1.0586954355239868,,1.0101643800735474,,4.135542392730713,,,,,,,,,,
4,,4.226880073547363,,0.00019999999494757503,1449,,,,,,,,,,0.5,,0.5666666626930237,,0.4333333373069763,,0.4333333373069763,,0.4833333194255829,,1.0058919191360474,,0.9935099482536316,,1.1869466304779053,,1.0405313968658447,,4.226880073547363,,,,,,,,,,
4,,4.150274753570557,,0.00019999999494757503,1499,,,,,,,,,,0.4833333194255829,,0.4000000059604645,,0.5166666507720947,,0.4833333194255829,,0.47083333134651184,,1.0312052965164185,,1.0507385730743408,,1.0777424573898315,,0.990588366985321,,4.150274753570557,,,,,,,,,,
4,,3.914839744567871,,0.00019999999494757503,1549,,,,,,,,,,0.5333333611488342,,0.550000011920929,,0.550000011920929,,0.6000000238418579,,0.5583333373069763,,1.0382243394851685,,0.9315103888511658,,0.9964965581893921,,0.9486083984375,,3.914839744567871,,,,,,,,,,
4,,3.8395140171051025,,0.00019999999494757503,1599,,,,,,,,,,0.46666666865348816,,0.5,,0.5333333611488342,,0.6333333253860474,,0.5333333611488342,,1.053857445716858,,0.9677042365074158,,0.985107421875,,0.8328450322151184,,3.8395140171051025,,,,,,,,,,
4,,,,,1614,,,,,,,,,,,,,,,,,,,,,,,,,,,,,0.5189037919044495,0.49801012873649597,0.5141099691390991,0.5323805809020996,0.5311143398284912,4.005280017852783,1.0155060291290283,1.0046075582504272,1.0184959173202515,0.9666704535484314
4,3.9909090995788574,,0.00020000057702418417,,1614,,,,,,,,,0.4945214092731476,,0.5146785378456116,,0.5423299670219421,,0.529718816280365,,0.5203121900558472,,1.0238977670669556,,1.0006248950958252,,0.9955971240997314,,0.9707883596420288,,3.9909090995788574,,,,,,,,,,,
5,,3.867565870285034,,0.00019999999494757503,1649,,,,,,,,,,0.5333333611488342,,0.6333333253860474,,0.5833333134651184,,0.5166666507720947,,0.5666666626930237,,1.0080403089523315,,0.9607299566268921,,0.9409586787223816,,0.957836925983429,,3.867565870285034,,,,,,,,,,
5,,3.8199949264526367,,0.00019999999494757503,1699,,,,,,,,,,0.6000000238418579,,0.6666666865348816,,0.5333333611488342,,0.5333333611488342,,0.5833333134651184,,0.98126220703125,,0.9115356206893921,,0.9789957404136658,,0.9482014775276184,,3.8199949264526367,,,,,,,,,,
5,,3.9176106452941895,,0.00019999999494757503,1749,,,,,,,,,,0.46666666865348816,,0.5166666507720947,,0.550000011920929,,0.6333333253860474,,0.5416666865348816,,1.0296305418014526,,0.9823201298713684,,1.0071370601654053,,0.8985229730606079,,3.9176106452941895,,,,,,,,,,
5,,4.193566799163818,,0.00019999999494757503,1799,,,,,,,,,,0.4333333373069763,,0.5666666626930237,,0.5833333134651184,,0.4166666567325592,,0.5,,1.0427775382995605,,0.9998331665992737,,1.0006144046783447,,1.1503417491912842,,4.193566799163818,,,,,,,,,,
5,,3.8781330585479736,,0.00019999999494757503,1849,,,,,,,,,,0.44999998807907104,,0.5166666507720947,,0.5833333134651184,,0.550000011920929,,0.5249999761581421,,1.0130819082260132,,0.9864339232444763,,0.9493611454963684,,0.9292562007904053,,3.8781330585479736,,,,,,,,,,
5,,4.079404830932617,,0.00019999999494757503,1899,,,,,,,,,,0.4166666567325592,,0.5333333611488342,,0.46666666865348816,,0.4833333194255829,,0.4749999940395355,,1.0733357667922974,,0.9896301031112671,,1.0198242664337158,,0.9966145753860474,,4.079404830932617,,,,,,,,,,
5,,,,,1937,,,,,,,,,,,,,,,,,,,,,,,,,,,,,0.5295314788818359,0.5103111267089844,0.5267727971076965,0.5329232811927795,0.5481186509132385,3.9793076515197754,1.0075905323028564,0.9926442503929138,1.0137730836868286,0.9652994871139526
5,3.9788317680358887,,0.00020000057702418417,,1937,,,,,,,,,0.4946247637271881,,0.5164874792098999,,0.5436737537384033,,0.5337502360343933,,0.5221340656280518,,1.022174596786499,,0.9957340359687805,,0.9945157170295715,,0.9664039611816406,,3.9788317680358887,,,,,,,,,,,
6,,3.948758840560913,,0.00019999999494757503,1949,,,,,,,,,,0.4333333373069763,,0.5666666626930237,,0.5833333134651184,,0.5,,0.5208333134651184,,1.0717732906341553,,0.9763997197151184,,0.924072265625,,0.976513683795929,,3.948758840560913,,,,,,,,,,
6,,4.073889255523682,,0.00019999999494757503,1999,,,,,,,,,,0.550000011920929,,0.5166666507720947,,0.4833333194255829,,0.5,,0.512499988079071,,0.9757080078125,,0.9941161870956421,,1.0401082038879395,,1.0639567375183105,,4.073889255523682,,,,,,,,,,
6,,4.206787109375,,0.00019999999494757503,2049,,,,,,,,,,0.36666667461395264,,0.46666666865348816,,0.38333332538604736,,0.46666666865348816,,0.4208333194255829,,1.1111409664154053,,1.027929663658142,,1.1031982898712158,,0.9645182490348816,,4.206787109375,,,,,,,,,,
6,,3.8941140174865723,,0.00019999999494757503,2099,,,,,,,,,,0.46666666865348816,,0.550000011920929,,0.5666666626930237,,0.5666666626930237,,0.5375000238418579,,1.0350220203399658,,0.968414306640625,,0.9855549931526184,,0.9051228761672974,,3.8941140174865723,,,,,,,,,,
6,,3.8373615741729736,,0.00019999999494757503,2149,,,,,,,,,,0.6666666865348816,,0.5333333611488342,,0.5833333134651184,,0.6000000238418579,,0.5958333611488342,,0.9669840335845947,,1.026513695716858,,0.9348714351654053,,0.9089925289154053,,3.8373615741729736,,,,,,,,,,
6,,4.026627540588379,,0.00019999999494757503,2199,,,,,,,,,,0.44999998807907104,,0.4166666567325592,,0.6333333253860474,,0.550000011920929,,0.512499988079071,,1.0550130605697632,,1.0664876699447632,,0.9251993894577026,,0.9799275994300842,,4.026627540588379,,,,,,,,,,
6,,4.02667236328125,,0.00019999999494757503,2249,,,,,,,,,,0.46666666865348816,,0.550000011920929,,0.4333333373069763,,0.6333333253860474,,0.5208333134651184,,1.0247843265533447,,0.960461437702179,,1.1146810054779053,,0.926745593547821,,4.02667236328125,,,,,,,,,,
6,,,,,2260,,,,,,,,,,,,,,,,,,,,,,,,,,,,,0.521436333656311,0.49475398659706116,0.5160998702049255,0.5274963974952698,0.5473950505256653,3.9740371704101562,1.0189188718795776,0.991193413734436,1.0048096179962158,0.9591155648231506
6,3.9664337635040283,,0.00020000057702418417,,2260,,,,,,,,,0.5013437867164612,,0.5192267894744873,,0.5423299670219421,,0.5384019017219543,,0.52532559633255,,1.0153506994247437,,0.9917844533920288,,0.9942904114723206,,0.9650081992149353,,3.9664337635040283,,,,,,,,,,,
7,,4.074450969696045,,0.00019999999494757503,2299,,,,,,,,,,0.44999998807907104,,0.5333333611488342,,0.550000011920929,,0.44999998807907104,,0.4958333373069763,,1.0261555910110474,,1.0086263418197632,,0.9952067136764526,,1.0444620847702026,,4.074450969696045,,,,,,,,,,
7,,3.8402833938598633,,0.00019999999494757503,2349,,,,,,,,,,0.5,,0.5333333611488342,,0.6166666746139526,,0.5333333611488342,,0.5458333492279053,,0.9931315183639526,,0.9832926392555237,,0.8865193724632263,,0.9773396849632263,,3.8402833938598633,,,,,,,,,,
7,,3.948030471801758,,0.00019999999494757503,2399,,,,,,,,,,0.4833333194255829,,0.5666666626930237,,0.4833333194255829,,0.5166666507720947,,0.512499988079071,,1.0147705078125,,0.9204427003860474,,1.05352783203125,,0.95928955078125,,3.948030471801758,,,,,,,,,,
7,,3.9014689922332764,,0.00019999999494757503,2449,,,,,,,,,,0.5333333611488342,,0.44999998807907104,,0.5833333134651184,,0.5666666626930237,,0.5333333611488342,,0.960192859172821,,1.0595418214797974,,0.9430257081985474,,0.938708484172821,,3.9014689922332764,,,,,,,,,,
7,,3.9853758811950684,,0.00019999999494757503,2499,,,,,,,,,,0.550000011920929,,0.6166666746139526,,0.4833333194255829,,0.6333333253860474,,0.5708333253860474,,1.027746558189392,,0.9509440064430237,,1.0898559093475342,,0.9168294072151184,,3.9853758811950684,,,,,,,,,,
7,,3.920361042022705,,0.00019999999494757503,2549,,,,,,,,,,0.46666666865348816,,0.46666666865348816,,0.6166666746139526,,0.550000011920929,,0.5249999761581421,,1.0128662586212158,,1.0237263441085815,,0.9138834476470947,,0.9698852300643921,,3.920361042022705,,,,,,,,,,
7,,,,,2583,,,,,,,,,,,,,,,,,,,,,,,,,,,,,0.5243759155273438,0.5094066858291626,0.5247828960418701,0.5271345973014832,0.5361794233322144,3.979912519454956,1.016777753829956,0.9856864213943481,1.0088855028152466,0.9685628414154053
7,3.9538369178771973,,0.00020000057702418417,,2583,,,,,,,,,0.5011370778083801,,0.5189683437347412,,0.5442423224449158,,0.5422266125679016,,0.5266435742378235,,1.011439561843872,,0.9926581382751465,,0.9893968105316162,,0.9603424072265625,,3.9538369178771973,,,,,,,,,,,
8,,3.916200637817383,,1.9999999494757503e-05,2599,,,,,,,,,,0.5166666507720947,,0.36666667461395264,,0.6833333373069763,,0.6166666746139526,,0.5458333492279053,,1.0001627206802368,,1.139373779296875,,0.895068347454071,,0.8815958499908447,,3.916200637817383,,,,,,,,,,
8,,3.8853354454040527,,1.9999999494757503e-05,2649,,,,,,,,,,0.550000011920929,,0.5333333611488342,,0.6499999761581421,,0.5333333611488342,,0.5666666626930237,,1.0069295167922974,,0.9771687984466553,,0.8808349370956421,,1.0204020738601685,,3.8853354454040527,,,,,,,,,,
8,,4.072782039642334,,1.9999999494757503e-05,2699,,,,,,,,,,0.4000000059604645,,0.46666666865348816,,0.5,,0.5333333611488342,,0.4749999940395355,,1.0822590589523315,,1.0082682371139526,,1.0086344480514526,,0.973620593547821,,4.072782039642334,,,,,,,,,,
8,,4.169104099273682,,1.9999999494757503e-05,2749,,,,,,,,,,0.4166666567325592,,0.4166666567325592,,0.46666666865348816,,0.550000011920929,,0.4625000059604645,,1.0856038331985474,,1.0762817859649658,,1.0534546375274658,,0.9537638425827026,,4.169104099273682,,,,,,,,,,
8,,3.7574219703674316,,1.9999999494757503e-05,2799,,,,,,,,,,0.5,,0.5666666626930237,,0.550000011920929,,0.6666666865348816,,0.5708333253860474,,0.9814534783363342,,0.9356241822242737,,0.9681559205055237,,0.8721883296966553,,3.7574219703674316,,,,,,,,,,
8,,3.8328938484191895,,1.9999999494757503e-05,2849,,,,,,,,,,0.5833333134651184,,0.44999998807907104,,0.6333333253860474,,0.5166666507720947,,0.5458333492279053,,0.9323567748069763,,1.0704426765441895,,0.9044962525367737,,0.92559814453125,,3.8328938484191895,,,,,,,,,,
8,,3.695314645767212,,1.9999999494757503e-05,2899,,,,,,,,,,0.5833333134651184,,0.5166666507720947,,0.5833333134651184,,0.6166666746139526,,0.574999988079071,,0.9123982787132263,,0.999468982219696,,0.9216390252113342,,0.8618082404136658,,3.695314645767212,,,,,,,,,,
8,,,,,2906,,,,,,,,,,,,,,,,,,,,,,,,,,,,,0.5320188403129578,0.5166425704956055,0.5293053388595581,0.5314761400222778,0.5506512522697449,3.9424118995666504,0.9989420771598816,0.981314480304718,1.0064715147018433,0.9556834697723389
8,3.924095392227173,,1.9999970390927047e-05,,2906,,,,,,,,,0.5116807818412781,,0.5267727971076965,,0.5435703992843628,,0.5496175289154053,,0.5329104065895081,,1.0048903226852417,,0.9819638133049011,,0.9849963188171387,,0.9522441625595093,,3.924095392227173,,,,,,,,,,,
9,,3.8816184997558594,,1.9999999494757503e-05,2949,,,,,,,,,,0.550000011920929,,0.5333333611488342,,0.5,,0.6499999761581421,,0.5583333373069763,,0.9746297001838684,,0.9508727788925171,,1.0392619371414185,,0.9168538451194763,,3.8816184997558594,,,,,,,,,,
9,,4.094758987426758,,1.9999999494757503e-05,2999,,,,,,,,,,0.4000000059604645,,0.5166666507720947,,0.4833333194255829,,0.4833333194255829,,0.47083333134651184,,1.0971190929412842,,0.9971150755882263,,1.039587378501892,,0.9609375,,4.094758987426758,,,,,,,,,,
9,,3.854341506958008,,1.9999999494757503e-05,3049,,,,,,,,,,0.4000000059604645,,0.5333333611488342,,0.5333333611488342,,0.5833333134651184,,0.512499988079071,,1.0417073965072632,,0.9284423589706421,,0.9832763671875,,0.9009155035018921,,3.854341506958008,,,,,,,,,,
9,,3.981261968612671,,1.9999999494757503e-05,3099,,,,,,,,,,0.5666666626930237,,0.5,,0.44999998807907104,,0.5666666626930237,,0.5208333134651184,,1.0131510496139526,,0.988085925579071,,1.0223795175552368,,0.9576456546783447,,3.981261968612671,,,,,,,,,,
9,,3.935042381286621,,1.9999999494757503e-05,3149,,,,,,,,,,0.5166666507720947,,0.4833333194255829,,0.4833333194255829,,0.6333333253860474,,0.5291666388511658,,1.009362816810608,,0.9647135138511658,,1.051672339439392,,0.9092935919761658,,3.935042381286621,,,,,,,,,,
9,,4.035223484039307,,1.9999999494757503e-05,3199,,,,,,,,,,0.4833333194255829,,0.46666666865348816,,0.5333333611488342,,0.5333333611488342,,0.5041666626930237,,1.0165934562683105,,1.0485941171646118,,0.9724039435386658,,0.997631847858429,,4.035223484039307,,,,,,,,,,
9,,,,,3229,,,,,,,,,,,,,,,,,,,,,,,,,,,,,0.5335564613342285,0.5188133120536804,0.5321996808052063,0.5311143398284912,0.5520983934402466,3.9386684894561768,0.9976632595062256,0.9823293685913086,1.0032057762145996,0.9554699659347534
9,3.9169394969940186,,1.9999970390927047e-05,,3229,,,,,,,,,0.5110089182853699,,0.5287368297576904,,0.543415367603302,,0.5498759746551514,,0.5332592725753784,,1.0025132894515991,,0.9800185561180115,,0.9832929372787476,,0.9511139392852783,,3.9169394969940186,,,,,,,,,,,
10,,3.82763671875,,1.9999999494757503e-05,3249,,,,,,,,,,0.550000011920929,,0.5833333134651184,,0.550000011920929,,0.46666666865348816,,0.5375000238418579,,0.9484171271324158,,0.9149251580238342,,0.9846354126930237,,0.9796590209007263,,3.82763671875,,,,,,,,,,
10,,3.70050048828125,,1.9999999494757503e-05,3299,,,,,,,,,,0.4833333194255829,,0.550000011920929,,0.6333333253860474,,0.6499999761581421,,0.5791666507720947,,1.0210692882537842,,0.94610595703125,,0.8876749873161316,,0.8456502556800842,,3.70050048828125,,,,,,,,,,
10,,3.7385761737823486,,1.9999999494757503e-05,3349,,,,,,,,,,0.5333333611488342,,0.5666666626930237,,0.6166666746139526,,0.6000000238418579,,0.5791666507720947,,0.9563028812408447,,0.9644795656204224,,0.9267863035202026,,0.8910074830055237,,3.7385761737823486,,,,,,,,,,
10,,3.883650541305542,,1.9999999494757503e-05,3399,,,,,,,,,,0.550000011920929,,0.4833333194255829,,0.550000011920929,,0.5166666507720947,,0.5249999761581421,,0.9535359740257263,,1.0211018323898315,,0.9502645134925842,,0.9587484002113342,,3.883650541305542,,,,,,,,,,
10,,3.9387574195861816,,1.9999999494757503e-05,3449,,,,,,,,,,0.4833333194255829,,0.5333333611488342,,0.44999998807907104,,0.6166666746139526,,0.5208333134651184,,1.0240031480789185,,0.9781331419944763,,1.0352742671966553,,0.9013468623161316,,3.9387574195861816,,,,,,,,,,
10,,3.908695697784424,,1.9999999494757503e-05,3499,,,,,,,,,,0.6166666746139526,,0.550000011920929,,0.46666666865348816,,0.550000011920929,,0.5458333492279053,,0.8954060673713684,,0.9607706665992737,,1.0543212890625,,0.9981974363327026,,3.908695697784424,,,,,,,,,,
10,,3.963716506958008,,1.9999999494757503e-05,3549,,,,,,,,,,0.5166666507720947,,0.4833333194255829,,0.5166666507720947,,0.5333333611488342,,0.512499988079071,,0.984728991985321,,1.0073567628860474,,1.0025146007537842,,0.9691162109375,,3.963716506958008,,,,,,,,,,
10,,,,,3552,,,,,,,,,,,,,,,,,,,,,,,,,,,,,0.5347775220870972,0.5177279114723206,0.5341895818710327,0.5316570401191711,0.5555354356765747,3.9371378421783447,0.9976268410682678,0.9815756678581238,1.0024691820144653,0.9554661512374878
10,3.9197299480438232,,1.9999970390927047e-05,,3552,,,,,,,,,0.5118875503540039,,0.5273413062095642,,0.5446557998657227,,0.548015296459198,,0.5329749584197998,,1.0029699802398682,,0.9816339015960693,,0.9835951328277588,,0.9515305757522583,,3.9197299480438232,,,,,,,,,,,
11,,3.9462037086486816,,1.9999999494757503e-05,3599,,,,,,,,,,0.6166666746139526,,0.4333333373069763,,0.5166666507720947,,0.5666666626930237,,0.5333333611488342,,0.9261271357536316,,1.0693745613098145,,0.9961161017417908,,0.9545857906341553,,3.9462037086486816,,,,,,,,,,
11,,3.8065836429595947,,1.9999999494757503e-05,3649,,,,,,,,,,0.5333333611488342,,0.5666666626930237,,0.6333333253860474,,0.6166666746139526,,0.5874999761581421,,0.9969848394393921,,0.9550252556800842,,0.9337402582168579,,0.9208333492279053,,3.8065836429595947,,,,,,,,,,
11,,3.9151203632354736,,1.9999999494757503e-05,3699,,,,,,,,,,0.44999998807907104,,0.5,,0.6000000238418579,,0.6166666746139526,,0.5416666865348816,,1.021447777748108,,1.0389485359191895,,0.9480387568473816,,0.9066854119300842,,3.9151203632354736,,,,,,,,,,
11,,3.947338819503784,,1.9999999494757503e-05,3749,,,,,,,,,,0.550000011920929,,0.5166666507720947,,0.4333333373069763,,0.6166666746139526,,0.5291666388511658,,0.9717000126838684,,0.95166015625,,1.1179769039154053,,0.9060018062591553,,3.947338819503784,,,,,,,,,,
11,,3.8576741218566895,,1.9999999494757503e-05,3799,,,,,,,,,,0.5333333611488342,,0.5,,0.7166666388511658,,0.5333333611488342,,0.5708333253860474,,1.04034423828125,,1.04144287109375,,0.8473063111305237,,0.9285807013511658,,3.8576741218566895,,,,,,,,,,
11,,3.8902993202209473,,1.9999999494757503e-05,3849,,,,,,,,,,0.5,,0.5833333134651184,,0.5333333611488342,,0.5166666507720947,,0.5333333611488342,,0.9995483160018921,,0.9318034052848816,,1.0042195320129395,,0.9547281861305237,,3.8902993202209473,,,,,,,,,,
11,,,,,3875,,,,,,,,,,,,,,,,,,,,,,,,,,,,,0.5313856601715088,0.5150144696235657,0.5294862389564514,0.5309334397315979,0.5501085519790649,3.934460401535034,0.9980866312980652,0.9805471301078796,1.0019381046295166,0.9538886547088623
11,3.9181571006774902,,1.9999970390927047e-05,,3875,,,,,,,,,0.5117841362953186,,0.5295121073722839,,0.5446557998657227,,0.5512714385986328,,0.5343058705329895,,1.003280758857727,,0.9811974763870239,,0.9833046197891235,,0.950376033782959,,3.9181571006774902,,,,,,,,,,,
12,,3.9638876914978027,,1.9999999494757503e-05,3899,,,,,,,,,,0.6499999761581421,,0.5333333611488342,,0.5833333134651184,,0.4166666567325592,,0.5458333492279053,,0.9443114995956421,,0.9738403558731079,,0.9624593257904053,,1.083276391029358,,3.9638876914978027,,,,,,,,,,
12,,4.069917678833008,,1.9999999494757503e-05,3949,,,,,,,,,,0.44999998807907104,,0.5,,0.5166666507720947,,0.5,,0.49166667461395264,,1.0436238050460815,,1.0085774660110474,,1.0564249753952026,,0.961291491985321,,4.069917678833008,,,,,,,,,,
12,,3.8614866733551025,,1.9999999494757503e-05,3999,,,,,,,,,,0.5833333134651184,,0.5166666507720947,,0.5833333134651184,,0.5333333611488342,,0.5541666746139526,,1.0112996101379395,,0.9826619625091553,,0.9610270261764526,,0.9064981937408447,,3.8614866733551025,,,,,,,,,,
12,,4.057246685028076,,1.9999999494757503e-05,4049,,,,,,,,,,0.44999998807907104,,0.4333333373069763,,0.6499999761581421,,0.44999998807907104,,0.4958333373069763,,1.040002465248108,,1.0740437507629395,,0.9126912355422974,,1.0305094718933105,,4.057246685028076,,,,,,,,,,
12,,4.186031341552734,,1.9999999494757503e-05,4099,,,,,,,,,,0.550000011920929,,0.46666666865348816,,0.44999998807907104,,0.46666666865348816,,0.4833333194255829,,0.9762288331985474,,1.104833960533142,,1.0564249753952026,,1.0485433340072632,,4.186031341552734,,,,,,,,,,
12,,4.2081217765808105,,1.9999999494757503e-05,4149,,,,,,,,,,0.5,,0.46666666865348816,,0.44999998807907104,,0.4333333373069763,,0.4625000059604645,,1.0651774406433105,,1.0268025398254395,,1.0826863050460815,,1.0334553718566895,,4.2081217765808105,,,,,,,,,,
12,,,,,4198,,,,,,,,,,,,,,,,,,,,,,,,,,,,,0.5326067209243774,0.5162807703018188,0.5302098393440247,0.5314761400222778,0.5524601936340332,3.938246250152588,0.9974274039268494,0.9809998273849487,1.0035686492919922,0.9562505483627319
12,3.9150094985961914,,1.9999970390927047e-05,,4198,,,,,,,,,0.5117324590682983,,0.5268761515617371,,0.5438288450241089,,0.5492557287216187,,0.5329232811927795,,1.0016978979110718,,0.9802364706993103,,0.9830198287963867,,0.9500558376312256,,3.9150094985961914,,,,,,,,,,,
13,,3.9887654781341553,,1.9999999949504854e-06,4199,,,,,,,,,,0.5166666507720947,,0.5333333611488342,,0.5166666507720947,,0.6000000238418579,,0.5416666865348816,,1.0011637210845947,,0.98529052734375,,1.0440022945404053,,0.9583089351654053,,3.9887654781341553,,,,,,,,,,
13,,3.6759233474731445,,1.9999999949504854e-06,4249,,,,,,,,,,0.4833333194255829,,0.5833333134651184,,0.6666666865348816,,0.5666666626930237,,0.574999988079071,,1.0215250253677368,,0.892199695110321,,0.8490966558456421,,0.9131022095680237,,3.6759233474731445,,,,,,,,,,
13,,3.7358601093292236,,1.9999999949504854e-06,4299,,,,,,,,,,0.6000000238418579,,0.5333333611488342,,0.5833333134651184,,0.6499999761581421,,0.5916666388511658,,0.9432413578033447,,0.9799560308456421,,0.9490966796875,,0.8635661005973816,,3.7358601093292236,,,,,,,,,,
13,,3.9281983375549316,,1.9999999949504854e-06,4349,,,,,,,,,,0.44999998807907104,,0.5166666507720947,,0.6666666865348816,,0.4833333194255829,,0.5291666388511658,,1.0609577894210815,,0.9954508543014526,,0.889819324016571,,0.9819701910018921,,3.9281983375549316,,,,,,,,,,
13,,3.8780272006988525,,1.9999999949504854e-06,4399,,,,,,,,,,0.5666666626930237,,0.4333333373069763,,0.5833333134651184,,0.5833333134651184,,0.5416666865348816,,0.9262450933456421,,1.0702474117279053,,0.9324869513511658,,0.949047863483429,,3.8780272006988525,,,,,,,,,,
13,,3.951231002807617,,1.9999999949504854e-06,4449,,,,,,,,,,0.6833333373069763,,0.5166666507720947,,0.5166666507720947,,0.5833333134651184,,0.574999988079071,,0.9243326783180237,,1.016912817955017,,1.0393270254135132,,0.9706583619117737,,3.951231002807617,,,,,,,,,,
13,,3.928511381149292,,1.9999999949504854e-06,4499,,,,,,,,,,0.550000011920929,,0.5666666626930237,,0.44999998807907104,,0.5166666507720947,,0.5208333134651184,,0.9755289554595947,,0.9347127079963684,,1.0392171144485474,,0.979052722454071,,3.928511381149292,,,,,,,,,,
13,,,,,4521,,,,,,,,,,,,,,,,,,,,,,,,,,,,,0.5336468815803528,0.5188133120536804,0.5294862389564514,0.5318379402160645,0.5544500946998596,3.9345734119415283,0.9973879456520081,0.9808400273323059,1.0022891759872437,0.9540572762489319
13,3.912259340286255,,2.000002950808266e-06,,4521,,,,,,,,,0.5122493505477905,,0.5299772620201111,,0.5441905856132507,,0.5534422397613525,,0.5349648594856262,,1.0012032985687256,,0.9793254137039185,,0.9826176762580872,,0.9491114020347595,,3.912259340286255,,,,,,,,,,,
14,,3.847015380859375,,1.9999999949504854e-06,4549,,,,,,,,,,0.5166666507720947,,0.550000011920929,,0.5833333134651184,,0.6333333253860474,,0.5708333253860474,,1.0133707523345947,,0.9964579343795776,,0.9542643427848816,,0.882922351360321,,3.847015380859375,,,,,,,,,,
14,,4.139188766479492,,1.9999999949504854e-06,4599,,,,,,,,,,0.3499999940395355,,0.5333333611488342,,0.5,,0.4833333194255829,,0.46666666865348816,,1.1231242418289185,,0.9959757328033447,,0.998913586139679,,1.0211751461029053,,4.139188766479492,,,,,,,,,,
14,,3.770414352416992,,1.9999999949504854e-06,4649,,,,,,,,,,0.4333333373069763,,0.6499999761581421,,0.550000011920929,,0.6166666746139526,,0.5625,,1.0275309085845947,,0.8998047113418579,,0.9649861454963684,,0.8780924677848816,,3.770414352416992,,,,,,,,,,
14,,3.775372266769409,,1.9999999949504854e-06,4699,,,,,,,,,,0.46666666865348816,,0.6000000238418579,,0.6166666746139526,,0.5833333134651184,,0.5666666626930237,,1.04681396484375,,0.9002462029457092,,0.904614269733429,,0.9236978888511658,,3.775372266769409,,,,,,,,,,
14,,3.8418171405792236,,1.9999999949504854e-06,4749,,,,,,,,,,0.46666666865348816,,0.5833333134651184,,0.5333333611488342,,0.5833333134651184,,0.5416666865348816,,1.0047403573989868,,0.8973348140716553,,1.0127238035202026,,0.9270182251930237,,3.8418171405792236,,,,,,,,,,
14,,3.8664186000823975,,1.9999999949504854e-06,4799,,,,,,,,,,0.4833333194255829,,0.6666666865348816,,0.5166666507720947,,0.5666666626930237,,0.5583333373069763,,1.0182576179504395,,0.8445678949356079,,0.9922444820404053,,1.0113484859466553,,3.8664186000823975,,,,,,,,,,
14,,,,,4844,,,,,,,,,,,,,,,,,,,,,,,,,,,,,0.5336468815803528,0.5175470113754272,0.5312952399253845,0.5302098393440247,0.5555354356765747,3.935357093811035,0.9971724152565002,0.9818518757820129,1.0021040439605713,0.9542277455329895
14,3.9099204540252686,,2.000002950808266e-06,,4844,,,,,,,,,0.5133346915245056,,0.5278581976890564,,0.5443456768989563,,0.5528736710548401,,0.5346030592918396,,1.0009251832962036,,0.978506863117218,,0.9820894002914429,,0.9483968615531921,,3.9099204540252686,,,,,,,,,,,
,,,,,0,,0.5208333134651184,,,,,,3.8519814014434814,,,,,,,,,,,,,,,,,,,,,,,,,,,,,,
,,,,,1,,0.5333333611488342,,,,,,3.936785936355591,,,,,,,,,,,,,,,,,,,,,,,,,,,,,,
,,,,,2,,0.5083333253860474,,,,,,3.933911085128784,,,,,,,,,,,,,,,,,,,,,,,,,,,,,,
,,,,,3,,0.5416666865348816,,,,,,3.843369483947754,,,,,,,,,,,,,,,,,,,,,,,,,,,,,,
,,,,,4,,0.5458333492279053,,,,,,3.903702735900879,,,,,,,,,,,,,,,,,,,,,,,,,,,,,,
,,,,,5,,0.5291666388511658,,,,,,4.061893939971924,,,,,,,,,,,,,,,,,,,,,,,,,,,,,,
,,,,,6,,0.5166666507720947,,,,,,4.004972457885742,,,,,,,,,,,,,,,,,,,,,,,,,,,,,,
,,,,,7,,0.512499988079071,,,,,,3.909106731414795,,,,,,,,,,,,,,,,,,,,,,,,,,,,,,
,,,,,8,,0.5166666507720947,,,,,,3.9369688034057617,,,,,,,,,,,,,,,,,,,,,,,,,,,,,,
,,,,,9,,0.5916666388511658,,,,,,3.7172889709472656,,,,,,,,,,,,,,,,,,,,,,,,,,,,,,
,,,,,10,,0.4625000059604645,,,,,,4.114062309265137,,,,,,,,,,,,,,,,,,,,,,,,,,,,,,
,,,,,11,,0.5,,,,,,4.013747215270996,,,,,,,,,,,,,,,,,,,,,,,,,,,,,,
,,,,,12,,0.5208333134651184,,,,,,4.01202392578125,,,,,,,,,,,,,,,,,,,,,,,,,,,,,,
,,,,,13,,0.5666666626930237,,,,,,3.8412718772888184,,,,,,,,,,,,,,,,,,,,,,,,,,,,,,
,,,,,14,,0.5541666746139526,,,,,,3.8972861766815186,,,,,,,,,,,,,,,,,,,,,,,,,,,,,,
,,,,,15,,0.5,,,,,,4.057438373565674,,,,,,,,,,,,,,,,,,,,,,,,,,,,,,
,,,,,16,,0.5291666388511658,,,,,,3.9242103099823,,,,,,,,,,,,,,,,,,,,,,,,,,,,,,
,,,,,17,,0.5333333611488342,,,,,,4.014947414398193,,,,,,,,,,,,,,,,,,,,,,,,,,,,,,
,,,,,18,,0.5041666626930237,,,,,,3.9970192909240723,,,,,,,,,,,,,,,,,,,,,,,,,,,,,,
,,,,,19,,0.5249999761581421,,,,,,3.9562458992004395,,,,,,,,,,,,,,,,,,,,,,,,,,,,,,
,,,,,20,,0.574999988079071,,,,,,3.7563860416412354,,,,,,,,,,,,,,,,,,,,,,,,,,,,,,
,,,,,21,,0.5166666507720947,,,,,,3.9257545471191406,,,,,,,,,,,,,,,,,,,,,,,,,,,,,,
,,,,,22,,0.5416666865348816,,,,,,3.8611977100372314,,,,,,,,,,,,,,,,,,,,,,,,,,,,,,
,,,,,23,,0.5333333611488342,,,,,,3.871309280395508,,,,,,,,,,,,,,,,,,,,,,,,,,,,,,
,,,,,24,,0.512499988079071,,,,,,3.9848225116729736,,,,,,,,,,,,,,,,,,,,,,,,,,,,,,
,,,,,25,,0.550000011920929,,,,,,3.9055826663970947,,,,,,,,,,,,,,,,,,,,,,,,,,,,,,
,,,,,26,,0.5541666746139526,,,,,,3.9580564498901367,,,,,,,,,,,,,,,,,,,,,,,,,,,,,,
,,,,,27,,0.5583333373069763,,,,,,3.8504700660705566,,,,,,,,,,,,,,,,,,,,,,,,,,,,,,
,,,,,28,,0.512499988079071,,,,,,4.035355567932129,,,,,,,,,,,,,,,,,,,,,,,,,,,,,,
,,,,,29,,0.5208333134651184,,,,,,3.918929100036621,,,,,,,,,,,,,,,,,,,,,,,,,,,,,,
,,,,,30,,0.5583333373069763,,,,,,3.9204630851745605,,,,,,,,,,,,,,,,,,,,,,,,,,,,,,
,,,,,31,,0.5083333253860474,,,,,,3.9731202125549316,,,,,,,,,,,,,,,,,,,,,,,,,,,,,,
,,,,,32,,0.512499988079071,,,,,,4.015317916870117,,,,,,,,,,,,,,,,,,,,,,,,,,,,,,
,,,,,33,,0.5208333134651184,,,,,,3.994417428970337,,,,,,,,,,,,,,,,,,,,,,,,,,,,,,
,,,,,34,,0.5208333134651184,,,,,,4.085367679595947,,,,,,,,,,,,,,,,,,,,,,,,,,,,,,
,,,,,35,,0.5416666865348816,,,,,,3.9297404289245605,,,,,,,,,,,,,,,,,,,,,,,,,,,,,,
,,,,,36,,0.5916666388511658,,,,,,3.8042845726013184,,,,,,,,,,,,,,,,,,,,,,,,,,,,,,
,,,,,37,,0.5541666746139526,,,,,,3.970080852508545,,,,,,,,,,,,,,,,,,,,,,,,,,,,,,
,,,,,38,,0.5416666865348816,,,,,,3.891575336456299,,,,,,,,,,,,,,,,,,,,,,,,,,,,,,
,,,,,39,,0.5041666626930237,,,,,,4.024098873138428,,,,,,,,,,,,,,,,,,,,,,,,,,,,,,
,,,,,40,,0.5375000238418579,,,,,,3.9258506298065186,,,,,,,,,,,,,,,,,,,,,,,,,,,,,,
,,,,,41,,0.550000011920929,,,,,,3.9274861812591553,,,,,,,,,,,,,,,,,,,,,,,,,,,,,,
,,,,,42,,0.5708333253860474,,,,,,3.831587791442871,,,,,,,,,,,,,,,,,,,,,,,,,,,,,,
,,,,,43,,0.5375000238418579,,,,,,3.8429322242736816,,,,,,,,,,,,,,,,,,,,,,,,,,,,,,
,,,,,44,,0.4833333194255829,,,,,,3.9398601055145264,,,,,,,,,,,,,,,,,,,,,,,,,,,,,,
,,,,,45,,0.5333333611488342,,,,,,3.936234474182129,,,,,,,,,,,,,,,,,,,,,,,,,,,,,,
,,,,,46,,0.699999988079071,,,,,,3.383740186691284,,,,,,,,,,,,,,,,,,,,,,,,,,,,,,
15,,,,,4845,0.5319167971611023,,0.9954911470413208,0.994961142539978,0.9909825921058655,0.9525361657142639,3.9232394695281982,,,,,,,,,,,,,,,,,,,,,,,,,,,,,,,
